﻿<?xml version="1.0" encoding="utf-8" ?>
<Plants>

  <ThingDef Name="PlantBase" Abstract="True">
    <category>Plant</category>
    <thingClass>Plant</thingClass>
    <altitudeLayer>LowPlant</altitudeLayer>
    <useHitPoints>True</useHitPoints>
    <statBases>
      <Flammability>0.8</Flammability>
    </statBases>
    <tickerType>Long</tickerType>
    <selectable>False</selectable>
    <neverMultiSelect>True</neverMultiSelect>
    <drawerType>MapMeshOnly</drawerType>
    <graphicData>
      <shaderType>CutoutPlant</shaderType>
    </graphicData>
    <plant>
      <harvestDestroys>true</harvestDestroys>
      <soundHarvesting>Harvest_Standard</soundHarvesting>
      <soundHarvestFinish>Harvest_Standard_Finish</soundHarvestFinish>
      <harvestWork>150</harvestWork>
      <sowWork>150</sowWork>
      <fertilityMin>0.5</fertilityMin>
      <fertilityFactorGrowthRate>1.0</fertilityFactorGrowthRate>
      <topWindExposure>0.1</topWindExposure>
      <visualSizeRange>
        <min>0.3</min>
        <max>1.00</max>
      </visualSizeRange>
    </plant>
  </ThingDef>

  <!--=========================== Crops ==============================-->

  <ThingDef ParentName="PlantBase">
    <defName>PlantCotton</defName>
    <label>cotton plant</label>
    <description>Yields cotton, a fine plant fiber used to make cloth.</description>
    <statBases>
      <MaxHitPoints>85</MaxHitPoints>
      <Beauty>1</Beauty>
    </statBases>
    <graphicData>
      <texPath>Things/Plant/CottonPlant</texPath>
      <graphicClass>Graphic_Random</graphicClass>
    </graphicData>
    <selectable>true</selectable>
    <pathCost>10</pathCost>
    <ingestible>
      <foodType>Plant</foodType>
      <preferability>NeverForNutrition</preferability>
      <nutrition>0.20</nutrition>
    </ingestible>
    <plant>
      <dieIfLeafless>true</dieIfLeafless>
      <shootsSeeds>false</shootsSeeds>
      <harvestTag>Standard</harvestTag>
      <harvestedThingDef>CottonBoll</harvestedThingDef>
      <harvestDestroys>true</harvestDestroys>
      <harvestYield>8</harvestYield>
      <sowTags>
        <li>Ground</li>
        <li>Hydroponic</li>
      </sowTags>
      <topWindExposure>0.1</topWindExposure>
      <growDays>2.705</growDays>
      <fertilityFactorGrowthRate>0.4</fertilityFactorGrowthRate>
      <visualSizeRange>
        <min>0.3</min>
        <max>1.05</max>
      </visualSizeRange>
    </plant>
  </ThingDef>

  <ThingDef ParentName="PlantBase">
    <defName>PlantDevilstrand</defName>
    <label>devilstrand</label>
    <description>This fragile mushroom was genetically engineered to produce a silk net of the highest grade. Long rumored to have mystical properties, it owes its name to the greed it inspires in people.</description>
    <statBases>
      <MaxHitPoints>100</MaxHitPoints>
      <Beauty>-1</Beauty>
    </statBases>
    <graphicData>
      <texPath>Things/Plant/Devilstrand</texPath>
      <graphicClass>Graphic_Random</graphicClass>
    </graphicData>
    <selectable>true</selectable>
    <pathCost>10</pathCost>
    <ingestible>
      <foodType>Plant</foodType>
      <preferability>NeverForNutrition</preferability>
      <nutrition>0.05</nutrition>
    </ingestible>
    <plant>
      <dieIfLeafless>true</dieIfLeafless>
      <shootsSeeds>false</shootsSeeds>
      <harvestTag>Standard</harvestTag>
      <harvestedThingDef>DevilstrandThread</harvestedThingDef>
      <harvestDestroys>true</harvestDestroys>
      <harvestYield>6</harvestYield>
      <sowTags>
        <li>Ground</li>
        <li>Hydroponic</li>
      </sowTags>
      <sowResearchPrerequisites>
        <li>Devilstrand</li>
      </sowResearchPrerequisites>
      <topWindExposure>0.1</topWindExposure>
      <growDays>22.5</growDays>
      <fertilityFactorGrowthRate>0.4</fertilityFactorGrowthRate>
      <visualSizeRange>
        <min>0.3</min>
        <max>1.0</max>
      </visualSizeRange>
    </plant>
  </ThingDef>

</Plants>